year_month,total_revenue,total_orders
2024-01,4006.60,6
2024-02,5752.99,8
2024-03,5306.90,8
2024-04,4354.87,5
2024-05,3214.87,5
2024-06,2243.22,7
2024-07,4393.75,5
2024-08,4575.39,5
2024-09,4201.88,9
2024-10,2102.58,2
2024-11,7303.47,10
2024-12,8442.02,8
2025-01,7549.27,9
2025-02,3884.39,6
2025-03,4744.53,4
2025-04,5616.48,7
2025-05,2465.19,5
2025-06,3811.99,4
2025-07,5867.66,7
