order_year,order_month,total_revenue
2024,1,4006.60
2024,2,5752.99
2024,3,5306.90
2024,4,4354.87
2024,5,3214.87
2024,6,2243.22
2024,7,4393.75
2024,8,4575.39
2024,9,4201.88
2024,10,2102.58
2024,11,7303.47
2024,12,8442.02
2025,1,7549.27
2025,2,3884.39
2025,3,4744.53
2025,4,5616.48
2025,5,2465.19
2025,6,3811.99
2025,7,5867.66
