order_year,order_month,total_revenue,total_orders
2024,1,4006.60,6
2024,2,5752.99,8
2024,3,5306.90,8
2024,4,4354.87,5
2024,5,3214.87,5
2024,6,2243.22,7
2024,7,4393.75,5
2024,8,4575.39,5
2024,9,4201.88,9
2024,10,2102.58,2
2024,11,7303.47,10
2024,12,8442.02,8
2025,1,7549.27,9
2025,2,3884.39,6
2025,3,4744.53,4
2025,4,5616.48,7
2025,5,2465.19,5
2025,6,3811.99,4
2025,7,5867.66,7
